"","Cohort_Name","concept_code","Code Source","vocabulary_name"
"1","HIV_AIDS","042","CCW","ICD9_CM"
"2","HIV_AIDS","042.1","CCW","ICD9_CM"
"3","HIV_AIDS","042.2","CCW","ICD9_CM"
"4","HIV_AIDS","042.9","CCW","ICD9_CM"
"5","HIV_AIDS","043","CCW","ICD9_CM"
"6","HIV_AIDS","043.1","CCW","ICD9_CM"
"7","HIV_AIDS","043.2","CCW","ICD9_CM"
"8","HIV_AIDS","043.3","CCW","ICD9_CM"
"9","HIV_AIDS","043.9","CCW","ICD9_CM"
"10","HIV_AIDS","044","CCW","ICD9_CM"
"11","HIV_AIDS","044.9","CCW","ICD9_CM"
"12","Hepatitis C","070.41","CCW","ICD9_CM"
"13","Hepatitis C","070.44","CCW","ICD9_CM"
"14","Hepatitis C","070.51","CCW","ICD9_CM"
"15","Hepatitis C","070.54","CCW","ICD9_CM"
"16","Hepatitis C","070.7","CCW","ICD9_CM"
"17","Hepatitis C","070.70","CCW","ICD9_CM"
"18","Hepatitis C","070.71","CCW","ICD9_CM"
"19","HIV_AIDS","079.53","CCW","ICD9_CM"
"20","Diabeties","249","CCW","ICD9_CM"
"21","Diabeties","249.01","CCW","ICD9_CM"
"22","Diabeties","249.1","CCW","ICD9_CM"
"23","Diabeties","249.11","CCW","ICD9_CM"
"24","Diabeties","249.2","CCW","ICD9_CM"
"25","Diabeties","249.21","CCW","ICD9_CM"
"26","Diabeties","249.3","CCW","ICD9_CM"
"27","Diabeties","249.31","CCW","ICD9_CM"
"28","Diabeties","249.4","CCW","ICD9_CM"
"29","Diabeties","249.41","CCW","ICD9_CM"
"30","Diabeties","249.5","CCW","ICD9_CM"
"31","Diabeties","249.51","CCW","ICD9_CM"
"32","Diabeties","249.6","CCW","ICD9_CM"
"33","Diabeties","249.61","CCW","ICD9_CM"
"34","Diabeties","249.7","CCW","ICD9_CM"
"35","Diabeties","249.71","CCW","ICD9_CM"
"36","Diabeties","249.8","CCW","ICD9_CM"
"37","Diabeties","249.81","CCW","ICD9_CM"
"38","Diabeties","249.9","CCW","ICD9_CM"
"39","Diabeties","249.91","CCW","ICD9_CM"
"40","Diabeties","250","CCW","ICD9_CM"
"41","Diabeties","250.01","CCW","ICD9_CM"
"42","Diabeties","250.02","CCW","ICD9_CM"
"43","Diabeties","250.03","CCW","ICD9_CM"
"44","Diabeties","250.1","CCW","ICD9_CM"
"45","Diabeties","250.11","CCW","ICD9_CM"
"46","Diabeties","250.12","CCW","ICD9_CM"
"47","Diabeties","250.13","CCW","ICD9_CM"
"48","Diabeties","250.2","CCW","ICD9_CM"
"49","Diabeties","250.21","CCW","ICD9_CM"
"50","Diabeties","250.22","CCW","ICD9_CM"
"51","Diabeties","250.23","CCW","ICD9_CM"
"52","Diabeties","250.3","CCW","ICD9_CM"
"53","Diabeties","250.31","CCW","ICD9_CM"
"54","Diabeties","250.32","CCW","ICD9_CM"
"55","Diabeties","250.33","CCW","ICD9_CM"
"56","Diabeties","250.4","CCW","ICD9_CM"
"57","Diabeties","250.41","CCW","ICD9_CM"
"58","Diabeties","250.42","CCW","ICD9_CM"
"59","Diabeties","250.43","CCW","ICD9_CM"
"60","Diabeties","250.5","CCW","ICD9_CM"
"61","Diabeties","250.51","CCW","ICD9_CM"
"62","Diabeties","250.52","CCW","ICD9_CM"
"63","Diabeties","250.53","CCW","ICD9_CM"
"64","Diabeties","250.6","CCW","ICD9_CM"
"65","Diabeties","250.61","CCW","ICD9_CM"
"66","Diabeties","250.62","CCW","ICD9_CM"
"67","Diabeties","250.63","CCW","ICD9_CM"
"68","Diabeties","250.7","CCW","ICD9_CM"
"69","Diabeties","250.71","CCW","ICD9_CM"
"70","Diabeties","250.72","CCW","ICD9_CM"
"71","Diabeties","250.73","CCW","ICD9_CM"
"72","Diabeties","250.8","CCW","ICD9_CM"
"73","Diabeties","250.81","CCW","ICD9_CM"
"74","Diabeties","250.82","CCW","ICD9_CM"
"75","Diabeties","250.83","CCW","ICD9_CM"
"76","Diabeties","250.9","CCW","ICD9_CM"
"77","Diabeties","250.91","CCW","ICD9_CM"
"78","Diabeties","250.92","CCW","ICD9_CM"
"79","Diabeties","250.93","CCW","ICD9_CM"
"80","Diabeties","357.2","CCW","ICD9_CM"
"81","Diabeties","362.01","CCW","ICD9_CM"
"82","Diabeties","362.02","CCW","ICD9_CM"
"83","Diabeties","362.03","CCW","ICD9_CM"
"84","Diabeties","362.04","CCW","ICD9_CM"
"85","Diabeties","362.05","CCW","ICD9_CM"
"86","Diabeties","362.06","CCW","ICD9_CM"
"87","Hypertension","362.11","CCW","ICD9_CM"
"88","Diabeties","366.41","CCW","ICD9_CM"
"89","Hypertension","401","CCW","ICD9_CM"
"90","Hypertension","401.1","CCW","ICD9_CM"
"91","Hypertension","401.9","CCW","ICD9_CM"
"92","Hypertension","402","CCW","ICD9_CM"
"93","Hypertension","402.01","CCW","ICD9_CM"
"94","Hypertension","402.1","CCW","ICD9_CM"
"95","Hypertension","402.11","CCW","ICD9_CM"
"96","Hypertension","402.9","CCW","ICD9_CM"
"97","Hypertension","402.91","CCW","ICD9_CM"
"98","Hypertension","403","CCW","ICD9_CM"
"99","Hypertension","403.01","CCW","ICD9_CM"
"100","Hypertension","403.1","CCW","ICD9_CM"
"101","Hypertension","403.11","CCW","ICD9_CM"
"102","Hypertension","403.9","CCW","ICD9_CM"
"103","Hypertension","403.91","CCW","ICD9_CM"
"104","Hypertension","404","CCW","ICD9_CM"
"105","Hypertension","404.01","CCW","ICD9_CM"
"106","Hypertension","404.02","CCW","ICD9_CM"
"107","Hypertension","404.03","CCW","ICD9_CM"
"108","Hypertension","404.1","CCW","ICD9_CM"
"109","Hypertension","404.11","CCW","ICD9_CM"
"110","Hypertension","404.12","CCW","ICD9_CM"
"111","Hypertension","404.13","CCW","ICD9_CM"
"112","Hypertension","404.9","CCW","ICD9_CM"
"113","Hypertension","404.91","CCW","ICD9_CM"
"114","Hypertension","404.92","CCW","ICD9_CM"
"115","Hypertension","404.93","CCW","ICD9_CM"
"116","Hypertension","405.01","CCW","ICD9_CM"
"117","Hypertension","405.09","CCW","ICD9_CM"
"118","Hypertension","405.11","CCW","ICD9_CM"
"119","Hypertension","405.19","CCW","ICD9_CM"
"120","Hypertension","405.91","CCW","ICD9_CM"
"121","Hypertension","405.99","CCW","ICD9_CM"
"122","AMI","410.01","CCW","ICD9_CM"
"123","AMI","410.11","CCW","ICD9_CM"
"124","AMI","410.21","CCW","ICD9_CM"
"125","AMI","410.31","CCW","ICD9_CM"
"126","AMI","410.41","CCW","ICD9_CM"
"127","AMI","410.51","CCW","ICD9_CM"
"128","AMI","410.61","CCW","ICD9_CM"
"129","AMI","410.71","CCW","ICD9_CM"
"130","AMI","410.81","CCW","ICD9_CM"
"131","AMI","410.91","CCW","ICD9_CM"
"132","Hypertension","437.2","CCW","ICD9_CM"
"133","HIV_AIDS","488","CCW","DRG"
"134","HIV_AIDS","489","CCW","DRG"
"135","HIV_AIDS","490","CCW","DRG"
"136","HIV_AIDS","795.71","CCW","ICD9_CM"
"137","HIV_AIDS","969","CCW","DRG"
"138","HIV_AIDS","969","CCW","DRG"
"139","HIV_AIDS","970","CCW","DRG"
"140","HIV_AIDS","970","CCW","DRG"
"141","HIV_AIDS","974","CCW","DRG"
"142","HIV_AIDS","974","CCW","DRG"
"143","HIV_AIDS","975","CCW","DRG"
"144","HIV_AIDS","975","CCW","DRG"
"145","HIV_AIDS","976","CCW","DRG"
"146","HIV_AIDS","976","CCW","DRG"
"147","HIV_AIDS","977","CCW","DRG"
"148","HIV_AIDS","B97.35","CCW","ICD10_CM"
"149","Diabeties","E08.01","CCW","ICD10_CM"
"150","Diabeties","E08.10","CCW","ICD10_CM"
"151","Diabeties","E08.11","CCW","ICD10_CM"
"152","Diabeties","E08.21","CCW","ICD10_CM"
"153","Diabeties","E08.22","CCW","ICD10_CM"
"154","Diabeties","E08.29","CCW","ICD10_CM"
"155","Diabeties","E08.311","CCW","ICD10_CM"
"156","Diabeties","E08.319","CCW","ICD10_CM"
"157","Diabeties","E08.321","CCW","ICD10_CM"
"158","Diabeties","E08.3211","CCW","ICD10_CM"
"159","Diabeties","E08.3212","CCW","ICD10_CM"
"160","Diabeties","E08.3213","CCW","ICD10_CM"
"161","Diabeties","E08.3219","CCW","ICD10_CM"
"162","Diabeties","E08.329","CCW","ICD10_CM"
"163","Diabeties","E08.3291","CCW","ICD10_CM"
"164","Diabeties","E08.3292","CCW","ICD10_CM"
"165","Diabeties","E08.3293","CCW","ICD10_CM"
"166","Diabeties","E08.3299","CCW","ICD10_CM"
"167","Diabeties","E08.331","CCW","ICD10_CM"
"168","Diabeties","E08.3311","CCW","ICD10_CM"
"169","Diabeties","E08.3312","CCW","ICD10_CM"
"170","Diabeties","E08.3313","CCW","ICD10_CM"
"171","Diabeties","E08.3319","CCW","ICD10_CM"
"172","Diabeties","E08.339","CCW","ICD10_CM"
"173","Diabeties","E08.3391","CCW","ICD10_CM"
"174","Diabeties","E08.3392","CCW","ICD10_CM"
"175","Diabeties","E08.3393","CCW","ICD10_CM"
"176","Diabeties","E08.3399","CCW","ICD10_CM"
"177","Diabeties","E08.341","CCW","ICD10_CM"
"178","Diabeties","E08.3411","CCW","ICD10_CM"
"179","Diabeties","E08.3412","CCW","ICD10_CM"
"180","Diabeties","E08.3413","CCW","ICD10_CM"
"181","Diabeties","E08.3419","CCW","ICD10_CM"
"182","Diabeties","E08.349","CCW","ICD10_CM"
"183","Diabeties","E08.3491","CCW","ICD10_CM"
"184","Diabeties","E08.3492","CCW","ICD10_CM"
"185","Diabeties","E08.3493","CCW","ICD10_CM"
"186","Diabeties","E08.3499","CCW","ICD10_CM"
"187","Diabeties","E08.351","CCW","ICD10_CM"
"188","Diabeties","E08.3511","CCW","ICD10_CM"
"189","Diabeties","E08.3512","CCW","ICD10_CM"
"190","Diabeties","E08.3513","CCW","ICD10_CM"
"191","Diabeties","E08.3519","CCW","ICD10_CM"
"192","Diabeties","E08.3521","CCW","ICD10_CM"
"193","Diabeties","E08.3522","CCW","ICD10_CM"
"194","Diabeties","E08.3523","CCW","ICD10_CM"
"195","Diabeties","E08.3529","CCW","ICD10_CM"
"196","Diabeties","E08.3531","CCW","ICD10_CM"
"197","Diabeties","E08.3532","CCW","ICD10_CM"
"198","Diabeties","E08.3533","CCW","ICD10_CM"
"199","Diabeties","E08.3539","CCW","ICD10_CM"
"200","Diabeties","E08.3541","CCW","ICD10_CM"
"201","Diabeties","E08.3542","CCW","ICD10_CM"
"202","Diabeties","E08.3543","CCW","ICD10_CM"
"203","Diabeties","E08.3549","CCW","ICD10_CM"
"204","Diabeties","E08.3551","CCW","ICD10_CM"
"205","Diabeties","E08.3552","CCW","ICD10_CM"
"206","Diabeties","E08.3553","CCW","ICD10_CM"
"207","Diabeties","E08.3559","CCW","ICD10_CM"
"208","Diabeties","E08.359","CCW","ICD10_CM"
"209","Diabeties","E08.3591","CCW","ICD10_CM"
"210","Diabeties","E08.3592","CCW","ICD10_CM"
"211","Diabeties","E08.3593","CCW","ICD10_CM"
"212","Diabeties","E08.3599","CCW","ICD10_CM"
"213","Diabeties","E08.36","CCW","ICD10_CM"
"214","Diabeties","E08.37X1","CCW","ICD10_CM"
"215","Diabeties","E08.37X2","CCW","ICD10_CM"
"216","Diabeties","E08.37X3","CCW","ICD10_CM"
"217","Diabeties","E08.37X9","CCW","ICD10_CM"
"218","Diabeties","E08.39","CCW","ICD10_CM"
"219","Diabeties","E08.40","CCW","ICD10_CM"
"220","Diabeties","E08.41","CCW","ICD10_CM"
"221","Diabeties","E08.42","CCW","ICD10_CM"
"222","Diabeties","E08.43","CCW","ICD10_CM"
"223","Diabeties","E08.44","CCW","ICD10_CM"
"224","Diabeties","E08.49","CCW","ICD10_CM"
"225","Diabeties","E08.51","CCW","ICD10_CM"
"226","Diabeties","E08.52","CCW","ICD10_CM"
"227","Diabeties","E08.59","CCW","ICD10_CM"
"228","Diabeties","E08.610","CCW","ICD10_CM"
"229","Diabeties","E08.618","CCW","ICD10_CM"
"230","Diabeties","E08.620","CCW","ICD10_CM"
"231","Diabeties","E08.621","CCW","ICD10_CM"
"232","Diabeties","E08.622","CCW","ICD10_CM"
"233","Diabeties","E08.628","CCW","ICD10_CM"
"234","Diabeties","E08.630","CCW","ICD10_CM"
"235","Diabeties","E08.638","CCW","ICD10_CM"
"236","Diabeties","E08.641","CCW","ICD10_CM"
"237","Diabeties","E08.649","CCW","ICD10_CM"
"238","Diabeties","E08.65","CCW","ICD10_CM"
"239","Diabeties","E08.69","CCW","ICD10_CM"
"240","Diabeties","E08.8","CCW","ICD10_CM"
"241","Diabeties","E08.9","CCW","ICD10_CM"
"242","Diabeties","E09.00","CCW","ICD10_CM"
"243","Diabeties","E09.01","CCW","ICD10_CM"
"244","Diabeties","E09.10","CCW","ICD10_CM"
"245","Diabeties","E09.11","CCW","ICD10_CM"
"246","Diabeties","E09.21","CCW","ICD10_CM"
"247","Diabeties","E09.22","CCW","ICD10_CM"
"248","Diabeties","E09.29","CCW","ICD10_CM"
"249","Diabeties","E09.311","CCW","ICD10_CM"
"250","Diabeties","E09.319","CCW","ICD10_CM"
"251","Diabeties","E09.321","CCW","ICD10_CM"
"252","Diabeties","E09.3211","CCW","ICD10_CM"
"253","Diabeties","E09.3212","CCW","ICD10_CM"
"254","Diabeties","E09.3213","CCW","ICD10_CM"
"255","Diabeties","E09.3219","CCW","ICD10_CM"
"256","Diabeties","E09.329","CCW","ICD10_CM"
"257","Diabeties","E09.3291","CCW","ICD10_CM"
"258","Diabeties","E09.3292","CCW","ICD10_CM"
"259","Diabeties","E09.3293","CCW","ICD10_CM"
"260","Diabeties","E09.3299","CCW","ICD10_CM"
"261","Diabeties","E09.331","CCW","ICD10_CM"
"262","Diabeties","E09.3311","CCW","ICD10_CM"
"263","Diabeties","E09.3312","CCW","ICD10_CM"
"264","Diabeties","E09.3313","CCW","ICD10_CM"
"265","Diabeties","E09.3319","CCW","ICD10_CM"
"266","Diabeties","E09.339","CCW","ICD10_CM"
"267","Diabeties","E09.3391","CCW","ICD10_CM"
"268","Diabeties","E09.3392","CCW","ICD10_CM"
"269","Diabeties","E09.3393","CCW","ICD10_CM"
"270","Diabeties","E09.3399","CCW","ICD10_CM"
"271","Diabeties","E09.341","CCW","ICD10_CM"
"272","Diabeties","E09.3411","CCW","ICD10_CM"
"273","Diabeties","E09.3412","CCW","ICD10_CM"
"274","Diabeties","E09.3413","CCW","ICD10_CM"
"275","Diabeties","E09.3419","CCW","ICD10_CM"
"276","Diabeties","E09.349","CCW","ICD10_CM"
"277","Diabeties","E09.3491","CCW","ICD10_CM"
"278","Diabeties","E09.3492","CCW","ICD10_CM"
"279","Diabeties","E09.3493","CCW","ICD10_CM"
"280","Diabeties","E09.3499","CCW","ICD10_CM"
"281","Diabeties","E09.351","CCW","ICD10_CM"
"282","Diabeties","E09.3511","CCW","ICD10_CM"
"283","Diabeties","E09.3512","CCW","ICD10_CM"
"284","Diabeties","E09.3513","CCW","ICD10_CM"
"285","Diabeties","E09.3519","CCW","ICD10_CM"
"286","Diabeties","E09.3521","CCW","ICD10_CM"
"287","Diabeties","E09.3522","CCW","ICD10_CM"
"288","Diabeties","E09.3523","CCW","ICD10_CM"
"289","Diabeties","E09.3529","CCW","ICD10_CM"
"290","Diabeties","E09.3531","CCW","ICD10_CM"
"291","Diabeties","E09.3532","CCW","ICD10_CM"
"292","Diabeties","E09.3533","CCW","ICD10_CM"
"293","Diabeties","E09.3539","CCW","ICD10_CM"
"294","Diabeties","E09.3541","CCW","ICD10_CM"
"295","Diabeties","E09.3542","CCW","ICD10_CM"
"296","Diabeties","E09.3543","CCW","ICD10_CM"
"297","Diabeties","E09.3549","CCW","ICD10_CM"
"298","Diabeties","E09.3551","CCW","ICD10_CM"
"299","Diabeties","E09.3552","CCW","ICD10_CM"
"300","Diabeties","E09.3553","CCW","ICD10_CM"
"301","Diabeties","E09.3559","CCW","ICD10_CM"
"302","Diabeties","E09.359","CCW","ICD10_CM"
"303","Diabeties","E09.3591","CCW","ICD10_CM"
"304","Diabeties","E09.3592","CCW","ICD10_CM"
"305","Diabeties","E09.3593","CCW","ICD10_CM"
"306","Diabeties","E09.3599","CCW","ICD10_CM"
"307","Diabeties","E09.36","CCW","ICD10_CM"
"308","Diabeties","E09.37X1","CCW","ICD10_CM"
"309","Diabeties","E09.37X2","CCW","ICD10_CM"
"310","Diabeties","E09.37X3","CCW","ICD10_CM"
"311","Diabeties","E09.37X9","CCW","ICD10_CM"
"312","Diabeties","E09.39","CCW","ICD10_CM"
"313","Diabeties","E09.40","CCW","ICD10_CM"
"314","Diabeties","E09.41","CCW","ICD10_CM"
"315","Diabeties","E09.42","CCW","ICD10_CM"
"316","Diabeties","E09.43","CCW","ICD10_CM"
"317","Diabeties","E09.44","CCW","ICD10_CM"
"318","Diabeties","E09.49","CCW","ICD10_CM"
"319","Diabeties","E09.51","CCW","ICD10_CM"
"320","Diabeties","E09.52","CCW","ICD10_CM"
"321","Diabeties","E09.59","CCW","ICD10_CM"
"322","Diabeties","E09.610","CCW","ICD10_CM"
"323","Diabeties","E09.618","CCW","ICD10_CM"
"324","Diabeties","E09.620","CCW","ICD10_CM"
"325","Diabeties","E09.621","CCW","ICD10_CM"
"326","Diabeties","E09.622","CCW","ICD10_CM"
"327","Diabeties","E09.628","CCW","ICD10_CM"
"328","Diabeties","E09.630","CCW","ICD10_CM"
"329","Diabeties","E09.638","CCW","ICD10_CM"
"330","Diabeties","E09.641","CCW","ICD10_CM"
"331","Diabeties","E09.649","CCW","ICD10_CM"
"332","Diabeties","E09.65","CCW","ICD10_CM"
"333","Diabeties","E09.69","CCW","ICD10_CM"
"334","Diabeties","E09.8","CCW","ICD10_CM"
"335","Diabeties","E09.9","CCW","ICD10_CM"
"336","Diabeties","E10.10","CCW","ICD10_CM"
"337","Diabeties","E10.11","CCW","ICD10_CM"
"338","Diabeties","E10.21","CCW","ICD10_CM"
"339","Diabeties","E10.22","CCW","ICD10_CM"
"340","Diabeties","E10.29","CCW","ICD10_CM"
"341","Diabeties","E10.311","CCW","ICD10_CM"
"342","Diabeties","E10.319","CCW","ICD10_CM"
"343","Diabeties","E10.321","CCW","ICD10_CM"
"344","Diabeties","E10.3211","CCW","ICD10_CM"
"345","Diabeties","E10.3212","CCW","ICD10_CM"
"346","Diabeties","E10.3213","CCW","ICD10_CM"
"347","Diabeties","E10.3219","CCW","ICD10_CM"
"348","Diabeties","E10.329","CCW","ICD10_CM"
"349","Diabeties","E10.3291","CCW","ICD10_CM"
"350","Diabeties","E10.3292","CCW","ICD10_CM"
"351","Diabeties","E10.3293","CCW","ICD10_CM"
"352","Diabeties","E10.3299","CCW","ICD10_CM"
"353","Diabeties","E10.331","CCW","ICD10_CM"
"354","Diabeties","E10.3311","CCW","ICD10_CM"
"355","Diabeties","E10.3312","CCW","ICD10_CM"
"356","Diabeties","E10.3313","CCW","ICD10_CM"
"357","Diabeties","E10.3319","CCW","ICD10_CM"
"358","Diabeties","E10.339","CCW","ICD10_CM"
"359","Diabeties","E10.3391","CCW","ICD10_CM"
"360","Diabeties","E10.3392","CCW","ICD10_CM"
"361","Diabeties","E10.3393","CCW","ICD10_CM"
"362","Diabeties","E10.3399","CCW","ICD10_CM"
"363","Diabeties","E10.341","CCW","ICD10_CM"
"364","Diabeties","E10.3411","CCW","ICD10_CM"
"365","Diabeties","E10.3412","CCW","ICD10_CM"
"366","Diabeties","E10.3413","CCW","ICD10_CM"
"367","Diabeties","E10.3419","CCW","ICD10_CM"
"368","Diabeties","E10.349","CCW","ICD10_CM"
"369","Diabeties","E10.3491","CCW","ICD10_CM"
"370","Diabeties","E10.3492","CCW","ICD10_CM"
"371","Diabeties","E10.3493","CCW","ICD10_CM"
"372","Diabeties","E10.3499","CCW","ICD10_CM"
"373","Diabeties","E10.351","CCW","ICD10_CM"
"374","Diabeties","E10.3511","CCW","ICD10_CM"
"375","Diabeties","E10.3512","CCW","ICD10_CM"
"376","Diabeties","E10.3513","CCW","ICD10_CM"
"377","Diabeties","E10.3519","CCW","ICD10_CM"
"378","Diabeties","E10.359","CCW","ICD10_CM"
"379","Diabeties","E10.36","CCW","ICD10_CM"
"380","Diabeties","E10.37X1","CCW","ICD10_CM"
"381","Diabeties","E10.37X2","CCW","ICD10_CM"
"382","Diabeties","E10.37X3","CCW","ICD10_CM"
"383","Diabeties","E10.37X9","CCW","ICD10_CM"
"384","Diabeties","E10.39","CCW","ICD10_CM"
"385","Diabeties","E10.40","CCW","ICD10_CM"
"386","Diabeties","E10.41","CCW","ICD10_CM"
"387","Diabeties","E10.42","CCW","ICD10_CM"
"388","Diabeties","E10.43","CCW","ICD10_CM"
"389","Diabeties","E10.44","CCW","ICD10_CM"
"390","Diabeties","E10.49","CCW","ICD10_CM"
"391","Diabeties","E10.51","CCW","ICD10_CM"
"392","Diabeties","E10.52","CCW","ICD10_CM"
"393","Diabeties","E10.59","CCW","ICD10_CM"
"394","Diabeties","E10.610","CCW","ICD10_CM"
"395","Diabeties","E10.618","CCW","ICD10_CM"
"396","Diabeties","E10.620","CCW","ICD10_CM"
"397","Diabeties","E10.621","CCW","ICD10_CM"
"398","Diabeties","E10.622","CCW","ICD10_CM"
"399","Diabeties","E10.628","CCW","ICD10_CM"
"400","Diabeties","E10.630","CCW","ICD10_CM"
"401","Diabeties","E10.641","CCW","ICD10_CM"
"402","Diabeties","E10.649","CCW","ICD10_CM"
"403","Diabeties","E10.65","CCW","ICD10_CM"
"404","Diabeties","E10.69","CCW","ICD10_CM"
"405","Diabeties","E10.8","CCW","ICD10_CM"
"406","Diabeties","E10.9","CCW","ICD10_CM"
"407","Diabeties","E11.00","CCW","ICD10_CM"
"408","Diabeties","E11.01","CCW","ICD10_CM"
"409","Diabeties","E11.10","CCW","ICD10_CM"
"410","Diabeties","E11.11","CCW","ICD10_CM"
"411","Diabeties","E11.21","CCW","ICD10_CM"
"412","Diabeties","E11.22","CCW","ICD10_CM"
"413","Diabeties","E11.29","CCW","ICD10_CM"
"414","Diabeties","E11.311","CCW","ICD10_CM"
"415","Diabeties","E11.319","CCW","ICD10_CM"
"416","Diabeties","E11.321","CCW","ICD10_CM"
"417","Diabeties","E11.3211","CCW","ICD10_CM"
"418","Diabeties","E11.3212","CCW","ICD10_CM"
"419","Diabeties","E11.3213","CCW","ICD10_CM"
"420","Diabeties","E11.3219","CCW","ICD10_CM"
"421","Diabeties","E11.329","CCW","ICD10_CM"
"422","Diabeties","E11.3291","CCW","ICD10_CM"
"423","Diabeties","E11.3292","CCW","ICD10_CM"
"424","Diabeties","E11.3293","CCW","ICD10_CM"
"425","Diabeties","E11.3299","CCW","ICD10_CM"
"426","Diabeties","E11.331","CCW","ICD10_CM"
"427","Diabeties","E11.3311","CCW","ICD10_CM"
"428","Diabeties","E11.3312","CCW","ICD10_CM"
"429","Diabeties","E11.3313","CCW","ICD10_CM"
"430","Diabeties","E11.3319","CCW","ICD10_CM"
"431","Diabeties","E11.339","CCW","ICD10_CM"
"432","Diabeties","E11.3391","CCW","ICD10_CM"
"433","Diabeties","E11.3392","CCW","ICD10_CM"
"434","Diabeties","E11.3393","CCW","ICD10_CM"
"435","Diabeties","E11.3399","CCW","ICD10_CM"
"436","Diabeties","E11.341","CCW","ICD10_CM"
"437","Diabeties","E11.3411","CCW","ICD10_CM"
"438","Diabeties","E11.3412","CCW","ICD10_CM"
"439","Diabeties","E11.3413","CCW","ICD10_CM"
"440","Diabeties","E11.3419","CCW","ICD10_CM"
"441","Diabeties","E11.349","CCW","ICD10_CM"
"442","Diabeties","E11.3491","CCW","ICD10_CM"
"443","Diabeties","E11.3492","CCW","ICD10_CM"
"444","Diabeties","E11.3493","CCW","ICD10_CM"
"445","Diabeties","E11.3499","CCW","ICD10_CM"
"446","Diabeties","E11.351","CCW","ICD10_CM"
"447","Diabeties","E11.3511","CCW","ICD10_CM"
"448","Diabeties","E11.3512","CCW","ICD10_CM"
"449","Diabeties","E11.3513","CCW","ICD10_CM"
"450","Diabeties","E11.3519","CCW","ICD10_CM"
"451","Diabeties","E11.3521","CCW","ICD10_CM"
"452","Diabeties","E11.3522","CCW","ICD10_CM"
"453","Diabeties","E11.3523","CCW","ICD10_CM"
"454","Diabeties","E11.3529","CCW","ICD10_CM"
"455","Diabeties","E11.3531","CCW","ICD10_CM"
"456","Diabeties","E11.3532","CCW","ICD10_CM"
"457","Diabeties","E11.3533","CCW","ICD10_CM"
"458","Diabeties","E11.3539","CCW","ICD10_CM"
"459","Diabeties","E11.3541","CCW","ICD10_CM"
"460","Diabeties","E11.3542","CCW","ICD10_CM"
"461","Diabeties","E11.3543","CCW","ICD10_CM"
"462","Diabeties","E11.3549","CCW","ICD10_CM"
"463","Diabeties","E11.3551","CCW","ICD10_CM"
"464","Diabeties","E11.3552","CCW","ICD10_CM"
"465","Diabeties","E11.3553","CCW","ICD10_CM"
"466","Diabeties","E11.3559","CCW","ICD10_CM"
"467","Diabeties","E11.359","CCW","ICD10_CM"
"468","Diabeties","E11.3591","CCW","ICD10_CM"
"469","Diabeties","E11.3592","CCW","ICD10_CM"
"470","Diabeties","E11.3593","CCW","ICD10_CM"
"471","Diabeties","E11.3599","CCW","ICD10_CM"
"472","Diabeties","E11.36","CCW","ICD10_CM"
"473","Diabeties","E11.37X1","CCW","ICD10_CM"
"474","Diabeties","E11.37X2","CCW","ICD10_CM"
"475","Diabeties","E11.37X3","CCW","ICD10_CM"
"476","Diabeties","E11.37X9","CCW","ICD10_CM"
"477","Diabeties","E11.39","CCW","ICD10_CM"
"478","Diabeties","E11.40","CCW","ICD10_CM"
"479","Diabeties","E11.41","CCW","ICD10_CM"
"480","Diabeties","E11.42","CCW","ICD10_CM"
"481","Diabeties","E11.43","CCW","ICD10_CM"
"482","Diabeties","E11.44","CCW","ICD10_CM"
"483","Diabeties","E11.49","CCW","ICD10_CM"
"484","Diabeties","E11.51","CCW","ICD10_CM"
"485","Diabeties","E11.52","CCW","ICD10_CM"
"486","Diabeties","E11.59","CCW","ICD10_CM"
"487","Diabeties","E11.610","CCW","ICD10_CM"
"488","Diabeties","E11.618","CCW","ICD10_CM"
"489","Diabeties","E11.620","CCW","ICD10_CM"
"490","Diabeties","E11.621","CCW","ICD10_CM"
"491","Diabeties","E11.622","CCW","ICD10_CM"
"492","Diabeties","E11.628","CCW","ICD10_CM"
"493","Diabeties","E11.630","CCW","ICD10_CM"
"494","Diabeties","E11.638","CCW","ICD10_CM"
"495","Diabeties","E11.641","CCW","ICD10_CM"
"496","Diabeties","E11.649","CCW","ICD10_CM"
"497","Diabeties","E11.65","CCW","ICD10_CM"
"498","Diabeties","E11.69","CCW","ICD10_CM"
"499","Diabeties","E11.8","CCW","ICD10_CM"
"500","Diabeties","E11.9","CCW","ICD10_CM"
"501","Diabeties","E13.00","CCW","ICD10_CM"
"502","Diabeties","E13.01","CCW","ICD10_CM"
"503","Diabeties","E13.10","CCW","ICD10_CM"
"504","Diabeties","E13.11","CCW","ICD10_CM"
"505","Diabeties","E13.21","CCW","ICD10_CM"
"506","Diabeties","E13.22","CCW","ICD10_CM"
"507","Diabeties","E13.29","CCW","ICD10_CM"
"508","Diabeties","E13.311","CCW","ICD10_CM"
"509","Diabeties","E13.319","CCW","ICD10_CM"
"510","Diabeties","E13.321","CCW","ICD10_CM"
"511","Diabeties","E13.3211","CCW","ICD10_CM"
"512","Diabeties","E13.3212","CCW","ICD10_CM"
"513","Diabeties","E13.3213","CCW","ICD10_CM"
"514","Diabeties","E13.3219","CCW","ICD10_CM"
"515","Diabeties","E13.329","CCW","ICD10_CM"
"516","Diabeties","E13.3291","CCW","ICD10_CM"
"517","Diabeties","E13.3292","CCW","ICD10_CM"
"518","Diabeties","E13.3293","CCW","ICD10_CM"
"519","Diabeties","E13.3299","CCW","ICD10_CM"
"520","Diabeties","E13.331","CCW","ICD10_CM"
"521","Diabeties","E13.3311","CCW","ICD10_CM"
"522","Diabeties","E13.3312","CCW","ICD10_CM"
"523","Diabeties","E13.3313","CCW","ICD10_CM"
"524","Diabeties","E13.3319","CCW","ICD10_CM"
"525","Diabeties","E13.339","CCW","ICD10_CM"
"526","Diabeties","E13.3391","CCW","ICD10_CM"
"527","Diabeties","E13.3392","CCW","ICD10_CM"
"528","Diabeties","E13.3393","CCW","ICD10_CM"
"529","Diabeties","E13.3399","CCW","ICD10_CM"
"530","Diabeties","E13.341","CCW","ICD10_CM"
"531","Diabeties","E13.3411","CCW","ICD10_CM"
"532","Diabeties","E13.3412","CCW","ICD10_CM"
"533","Diabeties","E13.3413","CCW","ICD10_CM"
"534","Diabeties","E13.3419","CCW","ICD10_CM"
"535","Diabeties","E13.349","CCW","ICD10_CM"
"536","Diabeties","E13.3491","CCW","ICD10_CM"
"537","Diabeties","E13.3492","CCW","ICD10_CM"
"538","Diabeties","E13.3493","CCW","ICD10_CM"
"539","Diabeties","E13.3499","CCW","ICD10_CM"
"540","Diabeties","E13.351","CCW","ICD10_CM"
"541","Diabeties","E13.3511","CCW","ICD10_CM"
"542","Diabeties","E13.3512","CCW","ICD10_CM"
"543","Diabeties","E13.3513","CCW","ICD10_CM"
"544","Diabeties","E13.3519","CCW","ICD10_CM"
"545","Diabeties","E13.3521","CCW","ICD10_CM"
"546","Diabeties","E13.3522","CCW","ICD10_CM"
"547","Diabeties","E13.3523","CCW","ICD10_CM"
"548","Diabeties","E13.3529","CCW","ICD10_CM"
"549","Diabeties","E13.3531","CCW","ICD10_CM"
"550","Diabeties","E13.3532","CCW","ICD10_CM"
"551","Diabeties","E13.3533","CCW","ICD10_CM"
"552","Diabeties","E13.3539","CCW","ICD10_CM"
"553","Diabeties","E13.3541","CCW","ICD10_CM"
"554","Diabeties","E13.3542","CCW","ICD10_CM"
"555","Diabeties","E13.3543","CCW","ICD10_CM"
"556","Diabeties","E13.3549","CCW","ICD10_CM"
"557","Diabeties","E13.3551","CCW","ICD10_CM"
"558","Diabeties","E13.3552","CCW","ICD10_CM"
"559","Diabeties","E13.3553","CCW","ICD10_CM"
"560","Diabeties","E13.3559","CCW","ICD10_CM"
"561","Diabeties","E13.359","CCW","ICD10_CM"
"562","Diabeties","E13.36","CCW","ICD10_CM"
"563","Diabeties","E13.39","CCW","ICD10_CM"
"564","Diabeties","E13.40","CCW","ICD10_CM"
"565","Diabeties","E13.41","CCW","ICD10_CM"
"566","Diabeties","E13.42","CCW","ICD10_CM"
"567","Diabeties","E13.43","CCW","ICD10_CM"
"568","Diabeties","E13.44","CCW","ICD10_CM"
"569","Diabeties","E13.49","CCW","ICD10_CM"
"570","Diabeties","E13.51","CCW","ICD10_CM"
"571","Diabeties","E13.52","CCW","ICD10_CM"
"572","Diabeties","E13.59","CCW","ICD10_CM"
"573","Diabeties","E13.610","CCW","ICD10_CM"
"574","Diabeties","E13.618","CCW","ICD10_CM"
"575","Diabeties","E13.620","CCW","ICD10_CM"
"576","Diabeties","E13.621","CCW","ICD10_CM"
"577","Diabeties","E13.622","CCW","ICD10_CM"
"578","Diabeties","E13.628","CCW","ICD10_CM"
"579","Diabeties","E13.630","CCW","ICD10_CM"
"580","Diabeties","E13.638","CCW","ICD10_CM"
"581","Diabeties","E13.641","CCW","ICD10_CM"
"582","Diabeties","E13.649","CCW","ICD10_CM"
"583","Diabeties","E13.65","CCW","ICD10_CM"
"584","Diabeties","E13.69","CCW","ICD10_CM"
"585","Diabeties","E13.8","CCW","ICD10_CM"
"586","Diabeties","E13.9","CCW","ICD10_CM"
"587","Hypertension","H35.032","CCW","ICD10_CM"
"588","Hypertension","H35.033","CCW","ICD10_CM"
"589","Hypertension","H35.039","CCW","ICD10_CM"
"590","Hypertension","I10","CCW","ICD10_CM"
"591","Hypertension","I11.0","CCW","ICD10_CM"
"592","Hypertension","I11.9","CCW","ICD10_CM"
"593","Hypertension","I12.0","CCW","ICD10_CM"
"594","Hypertension","I12.9","CCW","ICD10_CM"
"595","Hypertension","I13.0","CCW","ICD10_CM"
"596","Hypertension","I13.10","CCW","ICD10_CM"
"597","Hypertension","I13.11","CCW","ICD10_CM"
"598","Hypertension","I13.2","CCW","ICD10_CM"
"599","Hypertension","I15.0","CCW","ICD10_CM"
"600","Hypertension","I15.1","CCW","ICD10_CM"
"601","Hypertension","I15.2","CCW","ICD10_CM"
"602","Hypertension","I15.8","CCW","ICD10_CM"
"603","Hypertension","I15.9","CCW","ICD10_CM"
"604","AMI","I21.02","CCW","ICD10_CM"
"605","AMI","I21.09","CCW","ICD10_CM"
"606","AMI","I21.11","CCW","ICD10_CM"
"607","AMI","I21.19","CCW","ICD10_CM"
"608","AMI","I21.21","CCW","ICD10_CM"
"609","AMI","I21.29","CCW","ICD10_CM"
"610","AMI","I21.3","CCW","ICD10_CM"
"611","AMI","I21.4","CCW","ICD10_CM"
"612","AMI","I21.9","CCW","ICD10_CM"
"613","AMI","I21.A1","CCW","ICD10_CM"
"614","AMI","I21.A9","CCW","ICD10_CM"
"615","AMI","I22.0","CCW","ICD10_CM"
"616","AMI","I22.1","CCW","ICD10_CM"
"617","AMI","I22.2","CCW","ICD10_CM"
"618","AMI","I22.8","CCW","ICD10_CM"
"619","AMI","I22.9","CCW","ICD10_CM"
"620","Hypertension","I67.4","CCW","ICD10_CM"
"621","Hypertension","N26.2","CCW","ICD10_CM"
"622","HIV_AIDS","R75","CCW","ICD10_CM"
"623","HIV_AIDS","V08","CCW","ICD9_CM"
"624","HIV_AIDS","Z21","CCW","ICD10_CM"
"625","Hepatitis C","B17.10","CCW","ICD10_CM"
"626","Hepatitis C","B17.11","CCW","ICD10_CM"
"627","Hepatitis C","B18.2","CCW","ICD10_CM"
"628","Hepatitis C","B19.20","CCW","ICD10_CM"
"629","Hepatitis C","B19.21","CCW","ICD10_CM"
"630","HIV_AIDS","B20","CCW","ICD10_CM"
"631","Diabeties","E08.00","CCW","ICD10_CM"
"632","Diabeties","E10.638","CCW","ICD10_CM"
"633","Hypertension","H35.031","CCW","ICD10_CM"
"634","AMI","I21.01","CCW","ICD10_CM"
"635","Hepatitis C","V02.62","CCW","ICD10_CM"
"636","Hepatitis C","Z22.52","CCW","ICD10_CM"
